score,median_cagr,worst_cagr,worst_mdd,median_sharpe,family,params
0.46858622820826396,0.25346579034735317,-0.1438610801280925,0.2462697158813495,0.7635590409204116,compression_breakout,"{""breakout"": 84, ""comp_q"": 0.2, ""flow"": 0.1, ""hold"": 24, ""n"": 1, ""vol_z"": 1.0}"
0.44593861109689975,0.17815730626989768,-0.05686281849246855,0.2086225089324295,0.7592278865491189,compression_breakout,"{""breakout"": 84, ""comp_q"": 0.2, ""flow"": 0.1, ""hold"": 6, ""n"": 1, ""vol_z"": 1.0}"
0.4197280028489786,0.1580159466674349,-0.005660483406582095,0.22006013817450554,0.7608658713757084,compression_breakout,"{""breakout"": 84, ""comp_q"": 0.35, ""flow"": 0.1, ""hold"": 6, ""n"": 1, ""vol_z"": 1.0}"
0.36529456865746474,0.1799847717915275,-0.10731053081840114,0.23464629985763485,0.649922486487168,compression_breakout,"{""breakout"": 84, ""comp_q"": 0.2, ""flow"": 0.1, ""hold"": 12, ""n"": 1, ""vol_z"": 0.5}"
0.36267681206450636,0.20167825573449716,-0.048913062713355826,0.2667458689062715,0.8212644519327477,compression_breakout,"{""breakout"": 84, ""comp_q"": 0.2, ""flow"": 0.1, ""hold"": 12, ""n"": 1, ""vol_z"": 1.0}"
0.25211322748620185,0.20058026378557403,-0.11124131768047452,0.26099311256614166,0.7603506723263073,compression_breakout,"{""breakout"": 84, ""comp_q"": 0.35, ""flow"": 0.1, ""hold"": 12, ""n"": 1, ""vol_z"": 0.5}"
0.2125918275127023,0.17375173246232212,-0.029030516927646355,0.2593807629538536,0.6054361621566462,compression_breakout,"{""breakout"": 84, ""comp_q"": 0.35, ""flow"": 0.1, ""hold"": 24, ""n"": 1, ""vol_z"": 1.0}"
0.1450514114037061,0.1355516621655255,0.06810289195255459,0.269931628609444,0.7301580482391448,compression_breakout,"{""breakout"": 84, ""comp_q"": 0.35, ""flow"": 0.1, ""hold"": 12, ""n"": 1, ""vol_z"": 1.0}"
0.10040748796045053,0.239380342539796,-0.013465967551424596,0.2906557277968821,0.7868840527245715,compression_breakout,"{""breakout"": 84, ""comp_q"": 0.35, ""flow"": 0.1, ""hold"": 24, ""n"": 2, ""vol_z"": 1.0}"
0.06137695185913206,0.19401548622362297,-0.1038395911446296,0.2787549959204899,0.7329840442511057,compression_breakout,"{""breakout"": 84, ""comp_q"": 0.35, ""flow"": 0.1, ""hold"": 12, ""n"": 2, ""vol_z"": 0.5}"
-0.01810954377035827,0.07259750295277256,-0.05686281849246855,0.26487801300733527,0.3759007139670539,compression_breakout,"{""breakout"": 84, ""comp_q"": 0.2, ""flow"": 0.1, ""hold"": 6, ""n"": 2, ""vol_z"": 1.0}"
-0.03200332929357486,0.1714830689875133,-0.15934735844228842,0.2817257746502273,0.6149774842011348,compression_breakout,"{""breakout"": 84, ""comp_q"": 0.2, ""flow"": 0.1, ""hold"": 24, ""n"": 2, ""vol_z"": 1.0}"
-0.03990694209154157,0.06205021672546007,-0.021370662311939292,0.2695161576856161,0.5052014206888793,compression_breakout,"{""breakout"": 84, ""comp_q"": 0.35, ""flow"": 0.1, ""hold"": 6, ""n"": 2, ""vol_z"": 1.0}"
-0.06996324928072412,0.17181529754257852,-0.048235878414316535,0.2930308897225874,0.6886777307586645,compression_breakout,"{""breakout"": 84, ""comp_q"": 0.2, ""flow"": 0.1, ""hold"": 12, ""n"": 2, ""vol_z"": 1.0}"
-0.11502354565807141,0.14575951503848206,0.07771725413125474,0.2959188727078387,0.7522815740609858,compression_breakout,"{""breakout"": 84, ""comp_q"": 0.35, ""flow"": 0.1, ""hold"": 12, ""n"": 2, ""vol_z"": 1.0}"
-0.27408480666522245,0.07204761161281431,-0.1360472176050912,0.2776407804312315,0.4043771870587129,compression_breakout,"{""breakout"": 84, ""comp_q"": 0.2, ""flow"": 0.1, ""hold"": 12, ""n"": 2, ""vol_z"": 0.5}"
-0.3319931767238925,0.3176954468164995,-0.27387165955607995,0.32339730361528574,0.9858959033638552,compression_breakout,"{""breakout"": 42, ""comp_q"": 0.35, ""flow"": 0.1, ""hold"": 12, ""n"": 2, ""vol_z"": 0.5}"
-0.34337928514543287,0.1608847646591025,-0.17114626429786228,0.31128076628073253,0.9440207982507185,flow_continuation,"{""flow"": 0.12, ""hold"": 12, ""n"": 2, ""rz"": 1.5, ""vol_z"": 0.5}"
-0.3627215658501546,0.11395468810724907,-0.10758292073120868,0.2992096846380622,0.5494222661685205,compression_breakout,"{""breakout"": 84, ""comp_q"": 0.35, ""flow"": 0.1, ""hold"": 6, ""n"": 1, ""vol_z"": 0.5}"
-0.488931682227502,0.02244848964445062,-0.0659924653472248,0.2857824205244529,0.32120748680305344,compression_breakout,"{""breakout"": 42, ""comp_q"": 0.2, ""flow"": 0.1, ""hold"": 12, ""n"": 1, ""vol_z"": 1.0}"
-0.5015477334739181,0.08707277633746213,0.006568837419887785,0.30075716371489725,0.3792294527744352,compression_breakout,"{""breakout"": 84, ""comp_q"": 0.35, ""flow"": 0.1, ""hold"": 24, ""n"": 2, ""vol_z"": 0.5}"
-0.5163017720506448,0.04468651742105623,-0.10937504654015262,0.2888605335463421,0.3496797372787062,compression_breakout,"{""breakout"": 84, ""comp_q"": 0.35, ""flow"": 0.1, ""hold"": 6, ""n"": 2, ""vol_z"": 0.5}"
-0.6421005495350091,-0.009894224111747396,-0.12882513178286903,0.2828180986070713,-0.002687488374038899,compression_breakout,"{""breakout"": 84, ""comp_q"": 0.2, ""flow"": 0.1, ""hold"": 6, ""n"": 1, ""vol_z"": 0.5}"
-0.6433118178501916,0.1298110472007381,-0.17080890419726968,0.3270511018789284,0.8198204544641339,flow_continuation,"{""flow"": 0.12, ""hold"": 12, ""n"": 1, ""rz"": 1.5, ""vol_z"": 0.5}"
-0.685514962069714,0.05018685723167826,-0.16456132483030905,0.3052124668585823,0.29403708073131213,compression_breakout,"{""breakout"": 84, ""comp_q"": 0.2, ""flow"": 0.1, ""hold"": 24, ""n"": 2, ""vol_z"": 0.5}"
-0.7306285127849772,0.06494983877845895,-0.06195050468583385,0.3212559012669176,0.40168983628640537,compression_breakout,"{""breakout"": 42, ""comp_q"": 0.2, ""flow"": 0.1, ""hold"": 6, ""n"": 1, ""vol_z"": 1.0}"
-0.7331478814160333,-0.07227472495831322,-0.12882513178286903,0.275296968949182,-0.20839067727204355,compression_breakout,"{""breakout"": 84, ""comp_q"": 0.2, ""flow"": 0.1, ""hold"": 6, ""n"": 2, ""vol_z"": 0.5}"
-0.7833831086965574,0.12892773300773963,-0.2896463437444826,0.3222081073504678,0.5388132774600624,compression_breakout,"{""breakout"": 42, ""comp_q"": 0.35, ""flow"": 0.1, ""hold"": 6, ""n"": 2, ""vol_z"": 0.5}"
-0.8188796379477186,0.10145567768811081,-0.048302662280241715,0.3225478279854366,0.3960366862373104,compression_breakout,"{""breakout"": 84, ""comp_q"": 0.35, ""flow"": 0.1, ""hold"": 24, ""n"": 1, ""vol_z"": 0.5}"
-0.8223845195263184,0.05793337640133822,0.031311282489012715,0.3297311467987135,0.47620844098567794,compression_breakout,"{""breakout"": 42, ""comp_q"": 0.35, ""flow"": 0.1, ""hold"": 6, ""n"": 1, ""vol_z"": 1.0}"
-0.8426647988226978,-0.007572089778635549,-0.22414433261482847,0.30128239384681643,0.1198577511089215,compression_breakout,"{""breakout"": 42, ""comp_q"": 0.35, ""flow"": 0.1, ""hold"": 24, ""n"": 2, ""vol_z"": 0.5}"
-0.8574859124816181,0.09851754159465198,-0.1038750385409718,0.3354730939469567,0.5835956951753577,compression_breakout,"{""breakout"": 42, ""comp_q"": 0.35, ""flow"": 0.1, ""hold"": 12, ""n"": 1, ""vol_z"": 1.0}"
-0.8874939612343121,0.0035739805413295134,-0.22133721681642482,0.31513733977876845,0.08948413503985284,flow_continuation,"{""flow"": 0.12, ""hold"": 12, ""n"": 1, ""rz"": 2.0, ""vol_z"": 0.5}"
-0.9043643975863194,-0.036467182457226466,-0.2664801218368019,0.2940235841739022,-0.15849908814806452,flow_continuation,"{""flow"": 0.12, ""hold"": 6, ""n"": 2, ""rz"": 1.5, ""vol_z"": 0.5}"
-0.9541981786453788,0.3235399177474323,0.06744357331828055,0.3920352504380167,0.8205097659692928,residual_momentum,"{""flow_w"": 0.0, ""h"": 126, ""n"": 4, ""reb"": 1}"
-1.001862301746739,0.09242336049807448,-0.22596232917944936,0.32489196246298413,0.27480102149172125,compression_breakout,"{""breakout"": 84, ""comp_q"": 0.2, ""flow"": 0.1, ""hold"": 24, ""n"": 1, ""vol_z"": 0.5}"
-1.0066981854623904,0.0074149136319163755,-0.2388681792372387,0.32490388552565963,0.10698631843929601,flow_continuation,"{""flow"": 0.12, ""hold"": 12, ""n"": 2, ""rz"": 2.0, ""vol_z"": 0.5}"
-1.0475251067050022,-0.08397487142696375,-0.2598533619891634,0.2922036607669003,-0.03789021605508,compression_breakout,"{""breakout"": 18, ""comp_q"": 0.2, ""flow"": 0.1, ""hold"": 12, ""n"": 2, ""vol_z"": 1.0}"
-1.0485809558743766,0.3764650112173228,-0.12020889430146897,0.4012208169780983,0.8825288408619649,residual_momentum,"{""flow_w"": 0.0, ""h"": 42, ""n"": 2, ""reb"": 1}"
-1.079019565856323,-0.03784860473603918,-0.26950519527787675,0.3076735621019572,-0.17775359602876023,flow_continuation,"{""flow"": 0.12, ""hold"": 6, ""n"": 1, ""rz"": 1.5, ""vol_z"": 0.5}"
-1.0915257234395261,-0.018196524013568582,-0.10356973241809542,0.32526447822800675,0.10735467297002305,compression_breakout,"{""breakout"": 42, ""comp_q"": 0.2, ""flow"": 0.1, ""hold"": 6, ""n"": 2, ""vol_z"": 1.0}"
-1.0990494760755467,0.2590241800902173,-0.2505378820317581,0.3649523121603996,0.7536784199066705,residual_momentum,"{""flow_w"": 0.0, ""h"": 18, ""n"": 4, ""reb"": 3}"
-1.0997112691435775,0.020231769920189102,-0.17671369714329055,0.3320065063125689,0.27826219434130706,compression_breakout,"{""breakout"": 42, ""comp_q"": 0.2, ""flow"": 0.1, ""hold"": 24, ""n"": 1, ""vol_z"": 1.0}"
-1.1080731744954537,-0.03588496708254563,-0.3047265953414703,0.31600868169639185,-0.19146270485632882,flow_continuation,"{""flow"": 0.12, ""hold"": 6, ""n"": 1, ""rz"": 1.5, ""vol_z"": 1.0}"
-1.1091284961794956,0.42414562584651916,-0.23087000824659443,0.4066588923387826,0.8807074162491474,residual_momentum,"{""flow_w"": 0.0, ""h"": 42, ""n"": 2, ""reb"": 3}"
-1.1168967058115122,0.007953972477947047,-0.12319791100924582,0.33440540602538293,0.26905837540974087,compression_breakout,"{""breakout"": 42, ""comp_q"": 0.35, ""flow"": 0.1, ""hold"": 6, ""n"": 2, ""vol_z"": 1.0}"
-1.1387333520082206,0.0033897280621653647,-0.06254584426453702,0.34788195758741214,0.431062659270857,flow_continuation,"{""flow"": 0.12, ""hold"": 12, ""n"": 1, ""rz"": 2.5, ""vol_z"": 1.0}"
-1.163893607315451,-0.02551444323495572,-0.11272660829170766,0.334626214166301,-0.061140910881029326,flow_continuation,"{""flow"": 0.12, ""hold"": 6, ""n"": 1, ""rz"": 2.5, ""vol_z"": 0.5}"
-1.1653397800810756,-0.0002119814648710583,-0.26159823758663914,0.3196735474132696,-0.1038900241905559,compression_breakout,"{""breakout"": 42, ""comp_q"": 0.2, ""flow"": 0.1, ""hold"": 12, ""n"": 2, ""vol_z"": 0.5}"
-1.1747186331789392,-0.08367009097609418,-0.2788414590921917,0.29760159447918655,-0.925127615106576,flow_continuation,"{""flow"": 0.12, ""hold"": 3, ""n"": 1, ""rz"": 1.5, ""vol_z"": 0.5}"
-1.1831042583167601,-0.03406960513566448,-0.11272660829170766,0.33366469977370716,-0.06687865901087131,flow_continuation,"{""flow"": 0.12, ""hold"": 6, ""n"": 1, ""rz"": 2.5, ""vol_z"": 1.0}"
-1.2159321432325167,-0.029425224056219557,-0.31276428730601,0.3214366147706951,0.1781630994962758,compression_breakout,"{""breakout"": 18, ""comp_q"": 0.2, ""flow"": 0.1, ""hold"": 12, ""n"": 1, ""vol_z"": 1.0}"
-1.2290914803858464,-0.07637412320817244,-0.26461115752276343,0.30674889292706387,-0.2887545462546056,compression_breakout,"{""breakout"": 42, ""comp_q"": 0.2, ""flow"": 0.1, ""hold"": 24, ""n"": 2, ""vol_z"": 0.5}"
-1.2328282422865333,-0.017223336491077657,-0.26691913302916537,0.3247782329003579,0.0810719626988237,compression_breakout,"{""breakout"": 42, ""comp_q"": 0.35, ""flow"": 0.1, ""hold"": 24, ""n"": 1, ""vol_z"": 0.5}"
-1.253547857563044,-0.06290966359087236,-0.29975597827030853,0.3161897226076442,-0.45091751833797916,flow_continuation,"{""flow"": 0.12, ""hold"": 6, ""n"": 1, ""rz"": 2.0, ""vol_z"": 1.0}"
-1.2681051663700549,0.2773501141864234,-0.3375212525167308,0.38595663954512294,0.8763730262251443,compression_breakout,"{""breakout"": 42, ""comp_q"": 0.35, ""flow"": 0.1, ""hold"": 12, ""n"": 1, ""vol_z"": 0.5}"
-1.3116116960653648,0.12842141353030845,-0.12519952109789068,0.35706561986476015,0.41669592278141954,compression_breakout,"{""breakout"": 18, ""comp_q"": 0.35, ""flow"": 0.1, ""hold"": 24, ""n"": 2, ""vol_z"": 0.5}"
-1.3260508298222933,0.09859629974287876,-0.28186868267062604,0.36278665302536617,0.48055408307921277,cross_momentum,"{""flow_w"": 0.0, ""h"": 18, ""n"": 4, ""reb"": 3, ""regime"": true, ""skip"": 6}"
-1.3429350902697352,-0.0626481632264061,-0.28119242648076315,0.32608210569490625,-0.33181708044047853,flow_continuation,"{""flow"": 0.12, ""hold"": 6, ""n"": 2, ""rz"": 2.0, ""vol_z"": 0.5}"
-1.3432597921916525,0.18062428384655982,-0.15125953034156503,0.3813701033613325,0.6215560566217866,residual_momentum,"{""flow_w"": 0.0, ""h"": 42, ""n"": 4, ""reb"": 3}"
-1.3712042205282513,0.2648075284687591,-0.31190247809658256,0.3930508481211641,0.7442557757341437,residual_momentum,"{""flow_w"": 0.0, ""h"": 126, ""n"": 2, ""reb"": 3}"
-1.3738172881565969,-0.02905655688312414,-0.05142144303379714,0.3437649559842675,0.09717159942952022,compression_breakout,"{""breakout"": 42, ""comp_q"": 0.35, ""flow"": 0.1, ""hold"": 24, ""n"": 1, ""vol_z"": 1.0}"
-1.3813839737743927,0.09732213417093971,-0.19833695599019718,0.3766673483958818,0.570552833543901,compression_breakout,"{""breakout"": 42, ""comp_q"": 0.35, ""flow"": 0.1, ""hold"": 12, ""n"": 2, ""vol_z"": 1.0}"
-1.4412872759982673,0.1497437097680555,-0.03739140332976287,0.38462615915862464,0.5507027847609599,residual_momentum,"{""flow_w"": 0.0, ""h"": 126, ""n"": 4, ""reb"": 3}"
-1.4443697832643483,-0.06321460105175558,-0.29503936982012047,0.3338394743884089,-0.33893900725488635,flow_continuation,"{""flow"": 0.12, ""hold"": 6, ""n"": 1, ""rz"": 2.0, ""vol_z"": 0.5}"
-1.4602541875398467,-0.01246458016786578,-0.08189080811920013,0.36732050622907864,0.35987520284310154,flow_continuation,"{""flow"": 0.12, ""hold"": 12, ""n"": 2, ""rz"": 2.5, ""vol_z"": 1.0}"
-1.5138632987276104,-0.11241593765228558,-0.2697076604008789,0.3214268174019448,-0.3593393035977967,flow_continuation,"{""flow"": 0.12, ""hold"": 12, ""n"": 1, ""rz"": 2.0, ""vol_z"": 1.0}"
-1.5363036311666416,-0.038210803514664105,-0.33917206849677717,0.34935966446535927,-0.20086148807186735,flow_continuation,"{""flow"": 0.12, ""hold"": 6, ""n"": 2, ""rz"": 1.5, ""vol_z"": 1.0}"
-1.5391020992123399,-0.0030276851929159077,-0.1657163544176835,0.36174745052658197,0.042447906861043896,compression_breakout,"{""breakout"": 42, ""comp_q"": 0.2, ""flow"": 0.1, ""hold"": 12, ""n"": 2, ""vol_z"": 1.0}"
-1.6030766798334282,0.13095993260099925,-0.20953523338685798,0.37571398814042045,0.47771806582615484,cross_momentum,"{""flow_w"": 0.0, ""h"": 42, ""n"": 4, ""reb"": 3, ""regime"": true, ""skip"": 6}"
-1.607840945327448,0.299772258594155,-0.32461834600803274,0.41634111487792913,0.8893869603951754,cross_momentum,"{""flow_w"": 0.6, ""h"": 18, ""n"": 2, ""reb"": 3, ""regime"": true, ""skip"": 6}"
-1.6215894024820015,0.006031636934285711,-0.2898587948950241,0.3543592374475014,-0.10075055743984251,compression_breakout,"{""breakout"": 42, ""comp_q"": 0.2, ""flow"": 0.1, ""hold"": 12, ""n"": 1, ""vol_z"": 0.5}"
-1.6481769692969543,0.11388934064065437,-0.09552649824825266,0.3990890316983725,0.4806786234443968,residual_momentum,"{""flow_w"": 0.0, ""h"": 42, ""n"": 4, ""reb"": 1}"
-1.6679407398557669,-0.020037676601626475,-0.23697410722782974,0.36985682861786373,0.44869417418072355,flow_continuation,"{""flow"": 0.12, ""hold"": 12, ""n"": 1, ""rz"": 1.5, ""vol_z"": 1.0}"
-1.6798273885813646,-0.0790820670337462,-0.3058613426539587,0.3439700656454232,-0.13554960100882105,compression_breakout,"{""breakout"": 18, ""comp_q"": 0.2, ""flow"": 0.1, ""hold"": 24, ""n"": 2, ""vol_z"": 0.5}"
-1.6900207028557233,-0.010195149236362888,-0.1495711275513052,0.3734968712680521,0.06749673648329182,compression_breakout,"{""breakout"": 42, ""comp_q"": 0.35, ""flow"": 0.1, ""hold"": 24, ""n"": 2, ""vol_z"": 1.0}"
-1.721468138104389,-0.13600576285027804,-0.2884909795140975,0.3263285825377702,-0.8129131402139838,compression_breakout,"{""breakout"": 42, ""comp_q"": 0.2, ""flow"": 0.1, ""hold"": 6, ""n"": 2, ""vol_z"": 0.5}"
-1.7233629957097034,-0.0879546258327209,-0.28814215011306543,0.3389345798019151,-1.0529998188755731,flow_continuation,"{""flow"": 0.12, ""hold"": 3, ""n"": 2, ""rz"": 1.5, ""vol_z"": 0.5}"
-1.740777711810786,0.13823571326378647,-0.22559213544200918,0.4070604133538872,0.555186863247712,residual_momentum,"{""flow_w"": 0.0, ""h"": 18, ""n"": 2, ""reb"": 3}"
-1.7430801906561735,-0.01513382828529275,-0.1660325460598212,0.37342640194314547,0.2016362306396149,compression_breakout,"{""breakout"": 42, ""comp_q"": 0.2, ""flow"": 0.1, ""hold"": 24, ""n"": 2, ""vol_z"": 1.0}"
-1.777609360094703,-0.15297252086331875,-0.29320833754099007,0.31779897800660273,-0.793163848906586,compression_breakout,"{""breakout"": 18, ""comp_q"": 0.2, ""flow"": 0.1, ""hold"": 6, ""n"": 1, ""vol_z"": 1.0}"
-1.7874438541843842,-0.09186812836794428,-0.3350829930754645,0.338882444995782,-1.1472990216096401,flow_continuation,"{""flow"": 0.12, ""hold"": 3, ""n"": 1, ""rz"": 1.5, ""vol_z"": 1.0}"
-1.8090615773306233,0.14172202113102272,-0.3717009443194207,0.40715524764606725,0.5945741080158805,compression_breakout,"{""breakout"": 42, ""comp_q"": 0.35, ""flow"": 0.1, ""hold"": 6, ""n"": 1, ""vol_z"": 0.5}"
-1.8105977033817933,-0.1502111563520589,-0.2628899878159391,0.32736989581439446,-0.5523012777693697,compression_breakout,"{""breakout"": 42, ""comp_q"": 0.2, ""flow"": 0.1, ""hold"": 24, ""n"": 1, ""vol_z"": 0.5}"
-1.855845367355638,0.10105816500556009,-0.258275627038033,0.38691147732339426,0.49157684094646326,cross_momentum,"{""flow_w"": 0.6, ""h"": 18, ""n"": 4, ""reb"": 3, ""regime"": true, ""skip"": 6}"
-1.8567269996590767,0.07155241873843676,-0.1754391937647095,0.3835263006225468,0.25664598490479806,compression_breakout,"{""breakout"": 18, ""comp_q"": 0.35, ""flow"": 0.1, ""hold"": 12, ""n"": 2, ""vol_z"": 0.5}"
-1.8586319786540024,-0.011358941123232491,-0.10154822458852863,0.367813485081003,0.13228279006865218,cross_momentum,"{""flow_w"": 0.0, ""h"": 126, ""n"": 4, ""reb"": 3, ""regime"": true, ""skip"": 6}"
-1.8862737438178365,0.5302321801723658,-0.2611207116104206,0.41418692894439324,1.15345018840011,cross_momentum,"{""flow_w"": 0.6, ""h"": 42, ""n"": 2, ""reb"": 3, ""regime"": true, ""skip"": 6}"
-1.9177406105489432,0.08478643705080047,-0.22813615731186287,0.4086367226727171,0.46646992826119893,residual_momentum,"{""flow_w"": 0.5, ""h"": 18, ""n"": 4, ""reb"": 3}"
-1.9227770127710142,-0.11605893726876115,-0.3021731927636149,0.35641629978599,-0.19787710667389813,compression_breakout,"{""breakout"": 18, ""comp_q"": 0.2, ""flow"": 0.1, ""hold"": 24, ""n"": 1, ""vol_z"": 0.5}"
-1.9398940145843324,-0.11384678026093381,-0.22192778237862287,0.3559948210908448,-0.16010009332063885,compression_breakout,"{""breakout"": 18, ""comp_q"": 0.35, ""flow"": 0.1, ""hold"": 24, ""n"": 2, ""vol_z"": 1.0}"
-1.9585272725505194,0.1412724894759545,-0.13982867076932637,0.40295421566898604,0.5946754850763533,residual_momentum,"{""flow_w"": 0.5, ""h"": 42, ""n"": 4, ""reb"": 3}"
-1.9649364424272076,-0.07744093613713288,-0.27570854074471673,0.36065896946488074,-0.161225975877673,compression_breakout,"{""breakout"": 18, ""comp_q"": 0.35, ""flow"": 0.1, ""hold"": 12, ""n"": 2, ""vol_z"": 1.0}"
-2.007554982555969,-0.054584041607884715,-0.2837131586859386,0.3634275735963205,-0.15827786424014545,compression_breakout,"{""breakout"": 18, ""comp_q"": 0.2, ""flow"": 0.1, ""hold"": 12, ""n"": 1, ""vol_z"": 0.5}"
-2.012874975079918,0.04759723724508985,-0.22413102640902105,0.40675894438505644,0.26539115700132837,cross_momentum,"{""flow_w"": 0.0, ""h"": 18, ""n"": 2, ""reb"": 3, ""regime"": true, ""skip"": 6}"
-2.0778708551596847,0.1415422999343266,-0.24661765250393453,0.4280651038173995,0.5508007194928408,residual_momentum,"{""flow_w"": 0.0, ""h"": 126, ""n"": 2, ""reb"": 1}"
-2.0793653995981676,-0.06290966359087236,-0.36788981266237264,0.382194246817699,-0.45091751833797916,flow_continuation,"{""flow"": 0.12, ""hold"": 6, ""n"": 2, ""rz"": 2.0, ""vol_z"": 1.0}"
-2.108816004250423,-0.15479470688863667,-0.21707489184576578,0.34965116996260737,-0.2774366016176367,compression_breakout,"{""breakout"": 18, ""comp_q"": 0.35, ""flow"": 0.1, ""hold"": 24, ""n"": 1, ""vol_z"": 1.0}"
-2.1101136181205753,-0.09606318571784978,-0.3634614911920301,0.3632646564938461,-1.1445174493304837,flow_continuation,"{""flow"": 0.12, ""hold"": 3, ""n"": 2, ""rz"": 1.5, ""vol_z"": 1.0}"
-2.1192828784389572,-0.11241593765228558,-0.3231655460620769,0.3696678427385842,-0.34778399630083034,flow_continuation,"{""flow"": 0.12, ""hold"": 12, ""n"": 2, ""rz"": 2.0, ""vol_z"": 1.0}"
-2.1233988211201207,0.1195813468559902,-0.0965010165177711,0.3968462930066642,0.5293230500131435,cross_momentum,"{""flow_w"": 0.6, ""h"": 126, ""n"": 4, ""reb"": 3, ""regime"": true, ""skip"": 6}"
-2.1588477827670465,0.014447490270605323,-0.26418240145164673,0.4046974023833907,0.2388479009717871,residual_momentum,"{""flow_w"": 0.5, ""h"": 18, ""n"": 4, ""reb"": 1}"
-2.163427811964865,-0.06846099048895077,-0.1331358118949102,0.39956372086683223,-0.4181506374814852,flow_continuation,"{""flow"": 0.12, ""hold"": 3, ""n"": 1, ""rz"": 2.0, ""vol_z"": 0.5}"
-2.181055354947569,-0.2124289965119489,-0.2913455616663061,0.3298026434448219,-0.8629113211347474,compression_breakout,"{""breakout"": 18, ""comp_q"": 0.35, ""flow"": 0.1, ""hold"": 6, ""n"": 1, ""vol_z"": 1.0}"
-2.2032896518179785,-0.07241695324071556,-0.2844906730602379,0.37460361584737045,-0.27126413826607515,compression_breakout,"{""breakout"": 18, ""comp_q"": 0.2, ""flow"": 0.1, ""hold"": 12, ""n"": 2, ""vol_z"": 0.5}"
-2.2490954124300298,0.09488793424849934,-0.13365338683105887,0.4082097351753503,0.4039902335945066,residual_momentum,"{""flow_w"": 0.5, ""h"": 126, ""n"": 4, ""reb"": 3}"
-2.253190268354869,0.03965137882318448,-0.10716716270192073,0.42994690456567863,0.3076749379435158,residual_momentum,"{""flow_w"": 0.0, ""h"": 18, ""n"": 4, ""reb"": 1}"
-2.2615049024141296,-0.18046983381068443,-0.2990097741852543,0.3513077844045731,-0.7633271423014732,compression_breakout,"{""breakout"": 18, ""comp_q"": 0.2, ""flow"": 0.1, ""hold"": 6, ""n"": 2, ""vol_z"": 1.0}"
-2.291073289567346,0.11426093364931944,-0.2308103814288699,0.4208966973516136,0.5404657263074504,cross_momentum,"{""flow_w"": 0.6, ""h"": 42, ""n"": 4, ""reb"": 3, ""regime"": true, ""skip"": 6}"
-2.3171284630478626,0.13831271480211804,-0.21672340553628167,0.44481004200454743,0.512655927433862,residual_momentum,"{""flow_w"": 0.0, ""h"": 18, ""n"": 2, ""reb"": 1}"
-2.3202357456960203,-0.1911446167360551,-0.33441792212525057,0.34995019607392364,-0.8128077895267749,compression_breakout,"{""breakout"": 18, ""comp_q"": 0.2, ""flow"": 0.1, ""hold"": 6, ""n"": 1, ""vol_z"": 0.5}"
-2.355083657501977,-0.1689323149386876,-0.27755273033016215,0.3660382269537147,-0.49232660556788177,compression_breakout,"{""breakout"": 18, ""comp_q"": 0.35, ""flow"": 0.1, ""hold"": 6, ""n"": 2, ""vol_z"": 0.5}"
-2.386479696750944,0.23322183281412373,-0.34745156122578535,0.4565441706471831,0.6608979689925678,cross_momentum,"{""flow_w"": 0.0, ""h"": 42, ""n"": 2, ""reb"": 3, ""regime"": true, ""skip"": 6}"
-2.402683034128832,-0.01246458016786578,-0.15294161090241243,0.4441350504966164,0.34924592051275033,flow_continuation,"{""flow"": 0.12, ""hold"": 12, ""n"": 1, ""rz"": 2.5, ""vol_z"": 0.5}"
-2.433404037170734,-0.10021690030423064,-0.20189000772507804,0.4057557360453097,-0.6597021294557841,flow_continuation,"{""flow"": 0.12, ""hold"": 3, ""n"": 1, ""rz"": 2.5, ""vol_z"": 0.5}"
-2.439946372381325,-0.16201233231699597,-0.33435359488086147,0.38177860481833137,-0.2845295956366581,compression_breakout,"{""breakout"": 18, ""comp_q"": 0.2, ""flow"": 0.1, ""hold"": 24, ""n"": 1, ""vol_z"": 1.0}"
-2.444544187115284,0.04731306237394428,-0.22859474172538652,0.4182474991400107,0.23882040911724842,compression_breakout,"{""breakout"": 18, ""comp_q"": 0.35, ""flow"": 0.1, ""hold"": 12, ""n"": 1, ""vol_z"": 0.5}"
-2.4476052546380487,0.13224869558077756,-0.1624772455798955,0.44364675239789386,0.5353748883120092,residual_momentum,"{""flow_w"": 0.5, ""h"": 126, ""n"": 4, ""reb"": 1}"
-2.4508609723486456,-0.0064543586349009585,-0.18110668641527305,0.4224019373855803,0.17585617879123042,cross_momentum,"{""flow_w"": 0.6, ""h"": 18, ""n"": 4, ""reb"": 1, ""regime"": true, ""skip"": 6}"
-2.4721093332538953,0.15757300113542982,-0.15817627325105066,0.4504515746493537,0.5074087758197866,cross_momentum,"{""flow_w"": 0.6, ""h"": 18, ""n"": 2, ""reb"": 1, ""regime"": true, ""skip"": 6}"
-2.483785059393305,-0.18189151946353377,-0.20408469734475532,0.3197091474948317,-0.6528673885119524,cross_momentum,"{""flow_w"": 0.0, ""h"": 126, ""n"": 4, ""reb"": 3, ""regime"": false, ""skip"": 6}"
-2.48922215982646,-0.0776828182471942,-0.35832716869298387,0.402920798937187,-0.44845425236488434,compression_breakout,"{""breakout"": 42, ""comp_q"": 0.2, ""flow"": 0.1, ""hold"": 6, ""n"": 1, ""vol_z"": 0.5}"
-2.4976855660203703,-0.09967789412092248,-0.2139590801386364,0.41041024034926643,-0.6753934043264025,flow_continuation,"{""flow"": 0.12, ""hold"": 3, ""n"": 2, ""rz"": 2.5, ""vol_z"": 1.0}"
-2.505329213938449,-0.091637655054296,-0.1404384577644443,0.4193313959448405,-0.47322766556239726,flow_continuation,"{""flow"": 0.12, ""hold"": 3, ""n"": 2, ""rz"": 2.0, ""vol_z"": 0.5}"
-2.509307766279297,-0.02397596769558774,-0.20008623015067606,0.4165636772862117,0.03646850910009233,compression_breakout,"{""breakout"": 18, ""comp_q"": 0.35, ""flow"": 0.1, ""hold"": 24, ""n"": 1, ""vol_z"": 0.5}"
-2.5343441403906475,-0.09967789412092248,-0.19840722300838265,0.4145196538677861,-0.6495042629243878,flow_continuation,"{""flow"": 0.12, ""hold"": 3, ""n"": 2, ""rz"": 2.5, ""vol_z"": 0.5}"
-2.537084499989159,-0.21405756747726323,-0.24551457547777067,0.3404489751049461,-0.9178074874214811,cross_momentum,"{""flow_w"": 0.0, ""h"": 18, ""n"": 4, ""reb"": 3, ""regime"": false, ""skip"": 6}"
-2.551679642688357,-0.10021690030423064,-0.22024690097173094,0.4144083011556624,-0.6880239083043123,flow_continuation,"{""flow"": 0.12, ""hold"": 3, ""n"": 1, ""rz"": 2.5, ""vol_z"": 1.0}"
-2.5926148705553325,-0.10021690030423064,-0.20448474206948708,0.4185610628811325,-0.6777886751160261,flow_continuation,"{""flow"": 0.12, ""hold"": 3, ""n"": 1, ""rz"": 2.0, ""vol_z"": 1.0}"
-2.612518261370084,-0.1397192340009406,-0.29061512038150517,0.3894310864685486,-0.2104998672948652,compression_breakout,"{""breakout"": 18, ""comp_q"": 0.35, ""flow"": 0.1, ""hold"": 6, ""n"": 1, ""vol_z"": 0.5}"
-2.6147168142362656,-0.23186362219875367,-0.33165183227160233,0.36242630065946224,-1.0463703787788272,compression_breakout,"{""breakout"": 18, ""comp_q"": 0.2, ""flow"": 0.1, ""hold"": 6, ""n"": 2, ""vol_z"": 0.5}"
-2.6416062575807993,-0.08349538282294622,-0.34342724802954405,0.4134028353814795,-0.1984414007306118,compression_breakout,"{""breakout"": 18, ""comp_q"": 0.35, ""flow"": 0.1, ""hold"": 12, ""n"": 1, ""vol_z"": 1.0}"
-2.650867088747864,0.17533052033710028,-0.37537563462532375,0.4741675832740373,0.6603208539592853,residual_momentum,"{""flow_w"": 0.5, ""h"": 18, ""n"": 2, ""reb"": 3}"
-2.6513266872254078,-0.1297294860382553,-0.33214122964314396,0.4076911097404087,-0.1689412926119236,compression_breakout,"{""breakout"": 18, ""comp_q"": 0.2, ""flow"": 0.1, ""hold"": 24, ""n"": 2, ""vol_z"": 1.0}"
-2.692441316768504,-0.09058965350243287,-0.1626905428293124,0.41900068533100854,-0.12661533852592768,cross_momentum,"{""flow_w"": 0.0, ""h"": 18, ""n"": 4, ""reb"": 1, ""regime"": true, ""skip"": 6}"
-2.7392280895063243,-0.01246458016786578,-0.20858973155627414,0.46838262967514643,0.28476806245808106,flow_continuation,"{""flow"": 0.12, ""hold"": 12, ""n"": 2, ""rz"": 2.5, ""vol_z"": 0.5}"
-2.773096937057995,-0.10876304964864913,-0.15634511919662297,0.4156164751614081,-0.11495205605362238,cross_momentum,"{""flow_w"": 0.0, ""h"": 42, ""n"": 4, ""reb"": 1, ""regime"": true, ""skip"": 6}"
-2.8363031202015896,0.009271151753066809,-0.14997782585990438,0.43956621449041344,0.13687416971036745,cross_momentum,"{""flow_w"": 0.0, ""h"": 126, ""n"": 4, ""reb"": 1, ""regime"": true, ""skip"": 6}"
-2.84201558668107,-0.04694106709093354,-0.23245135621119917,0.39364115217455276,-0.37933249352190745,cross_momentum,"{""flow_w"": 0.0, ""h"": 42, ""n"": 4, ""reb"": 3, ""regime"": false, ""skip"": 6}"
-2.8631056246848074,0.1346688564762254,-0.07506286500520554,0.4216438340525107,0.5330776508936487,cross_momentum,"{""flow_w"": 0.6, ""h"": 126, ""n"": 2, ""reb"": 3, ""regime"": true, ""skip"": 6}"
-2.8932928380461433,-0.059599192101201404,-0.21235213032850675,0.46244986853050707,-0.1945949042147708,flow_continuation,"{""flow"": 0.12, ""hold"": 6, ""n"": 2, ""rz"": 2.5, ""vol_z"": 0.5}"
-2.922683250273671,-0.053340743862395845,-0.2176679644009879,0.44261390066846173,0.03524173439376288,residual_momentum,"{""flow_w"": 0.5, ""h"": 18, ""n"": 2, ""reb"": 1}"
-2.95700433128903,-0.09967789412092248,-0.2814682116607954,0.44427321244125284,-0.7721752381542855,flow_continuation,"{""flow"": 0.12, ""hold"": 3, ""n"": 2, ""rz"": 2.0, ""vol_z"": 1.0}"
-2.979259764344924,-0.008053603698388312,-0.1812991876747596,0.40477148766127313,0.18973772116573775,cross_momentum,"{""flow_w"": 0.0, ""h"": 126, ""n"": 2, ""reb"": 3, ""regime"": true, ""skip"": 6}"
-3.005868321895581,0.12273151326607579,-0.09899787918405056,0.47296987434235327,0.4537203900643672,residual_momentum,"{""flow_w"": 0.5, ""h"": 126, ""n"": 2, ""reb"": 1}"
-3.0127037812940527,0.2198026083836574,-0.2994714989110556,0.5095241936021344,0.6815291059983495,cross_momentum,"{""flow_w"": 0.6, ""h"": 42, ""n"": 2, ""reb"": 1, ""regime"": true, ""skip"": 6}"
-3.056015202925638,-0.04224944410341819,-0.2439481108790873,0.44801563385564513,0.07141582323533041,residual_momentum,"{""flow_w"": 0.5, ""h"": 42, ""n"": 4, ""reb"": 1}"
-3.064840238421238,-0.17321230446029967,-0.37357491825485545,0.41528221668100607,-0.6202212236692136,compression_breakout,"{""breakout"": 18, ""comp_q"": 0.35, ""flow"": 0.1, ""hold"": 6, ""n"": 2, ""vol_z"": 1.0}"
-3.085910761988548,-0.059599192101201404,-0.2565529771312214,0.475622418906797,-0.2561470650423039,flow_continuation,"{""flow"": 0.12, ""hold"": 6, ""n"": 2, ""rz"": 2.5, ""vol_z"": 1.0}"
-3.0898449712868348,-0.04820307791561512,-0.16909036143689515,0.4307890996832484,0.01905549134823732,cross_momentum,"{""flow_w"": 0.6, ""h"": 126, ""n"": 4, ""reb"": 1, ""regime"": true, ""skip"": 6}"
-3.144870895371323,-0.05438873853410464,-0.3886400071504391,0.4347287385927583,-0.05926087250212045,cross_momentum,"{""flow_w"": 0.0, ""h"": 42, ""n"": 2, ""reb"": 3, ""regime"": false, ""skip"": 6}"
-3.1678484944768304,-0.033340141621378494,-0.2106613427173082,0.46676564215206073,0.06294044478907242,cross_momentum,"{""flow_w"": 0.0, ""h"": 18, ""n"": 2, ""reb"": 1, ""regime"": true, ""skip"": 6}"
-3.1900639710577674,-0.21111407592537756,-0.32824088770915016,0.3673723642968397,-1.0204104759382213,cross_momentum,"{""flow_w"": 0.6, ""h"": 126, ""n"": 4, ""reb"": 3, ""regime"": false, ""skip"": 6}"
-3.2266691883271656,0.08245116804115626,-0.22003210245260152,0.45989474161222665,0.42067522942993424,residual_momentum,"{""flow_w"": 0.5, ""h"": 126, ""n"": 2, ""reb"": 3}"
-3.261924342748019,-0.08929793893579369,-0.24433987202938778,0.4443536148600069,-0.0673709634983713,cross_momentum,"{""flow_w"": 0.6, ""h"": 42, ""n"": 4, ""reb"": 1, ""regime"": true, ""skip"": 6}"
-3.331080701507189,-0.17882455709518563,-0.28564216646490037,0.4148040331877163,-0.7846109780117407,cross_momentum,"{""flow_w"": 0.0, ""h"": 18, ""n"": 2, ""reb"": 3, ""regime"": false, ""skip"": 6}"
-3.3591275619139203,-0.2073462828493694,-0.2996391958059895,0.3701071304388788,-0.7131855476595012,cross_momentum,"{""flow_w"": 0.0, ""h"": 126, ""n"": 2, ""reb"": 3, ""regime"": false, ""skip"": 6}"
-3.3985269855675817,0.1474565540932289,-0.3567935575304253,0.5351930541094221,0.5226671263936767,residual_momentum,"{""flow_w"": 0.5, ""h"": 42, ""n"": 2, ""reb"": 1}"
-3.4052762297246675,0.002168867027333876,-0.2069605195671177,0.4898944205553376,0.23931108711357896,cross_momentum,"{""flow_w"": 0.0, ""h"": 42, ""n"": 2, ""reb"": 1, ""regime"": true, ""skip"": 6}"
-3.4264739513612454,0.18639061699021509,-0.3623584694152757,0.46322589555408267,0.6466623261127902,residual_momentum,"{""flow_w"": 0.5, ""h"": 42, ""n"": 2, ""reb"": 3}"
-3.5312810156305323,-0.02678692699556956,-0.41906882589234906,0.5096454375504637,0.3785079989472048,flow_continuation,"{""flow"": 0.12, ""hold"": 12, ""n"": 2, ""rz"": 1.5, ""vol_z"": 1.0}"
-3.876603674077533,-0.039510630129172275,-0.21114188584118443,0.4949921517131457,0.11675881065660582,cross_momentum,"{""flow_w"": 0.0, ""h"": 126, ""n"": 2, ""reb"": 1, ""regime"": true, ""skip"": 6}"
-4.0226676810451565,0.0021399565943006627,-0.11614983385393818,0.48239075867724224,0.15655660820901318,cross_momentum,"{""flow_w"": 0.6, ""h"": 126, ""n"": 2, ""reb"": 1, ""regime"": true, ""skip"": 6}"
-4.163211482960035,0.012174166986897272,-0.3708746610170711,0.4348916067832014,0.12346725336239796,cross_momentum,"{""flow_w"": 0.6, ""h"": 42, ""n"": 2, ""reb"": 3, ""regime"": false, ""skip"": 6}"
-4.225140164113424,-0.27161519420195485,-0.40997761530626853,0.42325469235172264,-1.5070466710466592,cross_momentum,"{""flow_w"": 0.0, ""h"": 126, ""n"": 4, ""reb"": 1, ""regime"": false, ""skip"": 6}"
-4.275151830479801,-0.20239354410549149,-0.3497246452070276,0.3975185517753673,-0.9852446362395639,cross_momentum,"{""flow_w"": 0.6, ""h"": 18, ""n"": 2, ""reb"": 3, ""regime"": false, ""skip"": 6}"
-4.317015079172176,-0.23830348933164086,-0.3803155023733018,0.44288705191533684,-1.1462152252549116,cross_momentum,"{""flow_w"": 0.6, ""h"": 42, ""n"": 4, ""reb"": 3, ""regime"": false, ""skip"": 6}"
-4.576577030670444,-0.27001682544628525,-0.32620798014293706,0.4372998194580583,-1.6666576808840823,cross_momentum,"{""flow_w"": 0.6, ""h"": 18, ""n"": 4, ""reb"": 3, ""regime"": false, ""skip"": 6}"
-4.603675716847899,-0.34850041877880356,-0.4415345654995193,0.4833023413383778,-1.3460980820923973,exhaustion_reversal,"{""hold"": 6, ""n"": 1, ""rz"": 3.0, ""vol_z"": 0.5, ""wick"": 0.008}"
-4.650855367813898,-0.32344477924491644,-0.4014350147743533,0.44992157869409255,-2.102950825722065,cross_momentum,"{""flow_w"": 0.0, ""h"": 42, ""n"": 4, ""reb"": 1, ""regime"": false, ""skip"": 6}"
-4.697833595500606,-0.3090765210720002,-0.47691372144759836,0.5043867220775728,-1.1969459459100218,exhaustion_reversal,"{""hold"": 6, ""n"": 1, ""rz"": 3.0, ""vol_z"": 1.0, ""wick"": 0.008}"
-4.763503325161196,-0.3823715412688267,-0.4687887661544542,0.4786561297747316,-1.9117543899908447,exhaustion_reversal,"{""hold"": 3, ""n"": 1, ""rz"": 3.0, ""vol_z"": 0.5, ""wick"": 0.008}"
-5.083428002578801,-0.2320168065235066,-0.3117943618101898,0.41745728922241254,-0.8204274568504712,cross_momentum,"{""flow_w"": 0.6, ""h"": 126, ""n"": 2, ""reb"": 3, ""regime"": false, ""skip"": 6}"
-5.120951661542328,-0.3310170337804517,-0.3839674552463802,0.5028298402690139,-1.609784058365641,cross_momentum,"{""flow_w"": 0.0, ""h"": 18, ""n"": 2, ""reb"": 1, ""regime"": false, ""skip"": 6}"
-5.143099257591384,-0.3364206862338219,-0.3810672333110596,0.49213018138677667,-2.0893296034366866,cross_momentum,"{""flow_w"": 0.0, ""h"": 18, ""n"": 4, ""reb"": 1, ""regime"": false, ""skip"": 6}"
-5.180217840957686,-0.3943057148351333,-0.47805269536824047,0.5042347859113743,-1.932012586775964,exhaustion_reversal,"{""hold"": 3, ""n"": 1, ""rz"": 3.0, ""vol_z"": 1.0, ""wick"": 0.008}"
-5.232520266558539,-0.3974803565556646,-0.49328770251228815,0.5113142369707255,-1.5509587191304166,exhaustion_reversal,"{""hold"": 2, ""n"": 1, ""rz"": 3.0, ""vol_z"": 1.0, ""wick"": 0.008}"
-5.344853342164274,-0.38382629077538344,-0.428922102537605,0.46552815725063956,-2.6651411396590916,cross_momentum,"{""flow_w"": 0.6, ""h"": 126, ""n"": 4, ""reb"": 1, ""regime"": false, ""skip"": 6}"
-5.361678645434361,-0.3161360371755587,-0.4580227419117828,0.495444706694938,-1.9418716199344408,cross_momentum,"{""flow_w"": 0.0, ""h"": 42, ""n"": 2, ""reb"": 1, ""regime"": false, ""skip"": 6}"
-5.377540001098712,-0.3931415843319962,-0.5023235648803225,0.5266697330257141,-1.6109736281434728,exhaustion_reversal,"{""hold"": 2, ""n"": 1, ""rz"": 3.0, ""vol_z"": 0.5, ""wick"": 0.008}"
-5.401856917049108,-0.36500517878119004,-0.5158056177431007,0.5455709144390708,-1.666711746719074,exhaustion_reversal,"{""hold"": 2, ""n"": 1, ""rz"": 3.0, ""vol_z"": 0.5, ""wick"": 0.015}"
-5.446708442029206,-0.31358039271201044,-0.4221750928352894,0.5028447650704717,-1.4536725365847758,cross_momentum,"{""flow_w"": 0.6, ""h"": 18, ""n"": 2, ""reb"": 1, ""regime"": false, ""skip"": 6}"
-5.534581158115539,-0.3620783158530861,-0.5284921234762354,0.5550562227802318,-1.651125592903155,exhaustion_reversal,"{""hold"": 2, ""n"": 1, ""rz"": 3.0, ""vol_z"": 1.0, ""wick"": 0.015}"
-5.549095635495998,-0.38034214682598816,-0.44744793640910496,0.46738761811300944,-2.6882721521323454,cross_momentum,"{""flow_w"": 0.6, ""h"": 42, ""n"": 4, ""reb"": 1, ""regime"": false, ""skip"": 6}"
-5.644189281017523,-0.4237771213414857,-0.4875515058240023,0.5311345261623799,-2.1385987326884788,exhaustion_reversal,"{""hold"": 3, ""n"": 1, ""rz"": 3.0, ""vol_z"": 1.0, ""wick"": 0.015}"
-5.786221919551697,-0.3856608545525106,-0.4426872324424572,0.5047964546063554,-2.703348156643385,cross_momentum,"{""flow_w"": 0.6, ""h"": 18, ""n"": 4, ""reb"": 1, ""regime"": false, ""skip"": 6}"
-6.0136352779897075,-0.4036677728528455,-0.5393918806784477,0.5790983019608865,-1.5387182717526477,exhaustion_reversal,"{""hold"": 6, ""n"": 1, ""rz"": 3.0, ""vol_z"": 1.0, ""wick"": 0.015}"
-6.073164694331615,-0.4256202973782234,-0.531185966565789,0.5777087282157867,-1.5907405584187657,exhaustion_reversal,"{""hold"": 6, ""n"": 1, ""rz"": 3.0, ""vol_z"": 0.5, ""wick"": 0.015}"
-6.096805816316301,-0.4118420914557582,-0.46732720351099455,0.5800903593257192,-1.892906551612811,exhaustion_reversal,"{""hold"": 2, ""n"": 1, ""rz"": 2.4, ""vol_z"": 1.0, ""wick"": 0.015}"
-6.107482826005394,-0.33758705571660536,-0.5167166957964926,0.5370944203886052,-1.8564884970025466,cross_momentum,"{""flow_w"": 0.0, ""h"": 126, ""n"": 2, ""reb"": 1, ""regime"": false, ""skip"": 6}"
-6.158490458204875,-0.41193112880297555,-0.48038323214059986,0.581951852318188,-1.890360539425304,exhaustion_reversal,"{""hold"": 2, ""n"": 1, ""rz"": 2.4, ""vol_z"": 0.5, ""wick"": 0.015}"
-6.32405841007337,-0.41873849300267735,-0.5519252959830876,0.5910460829084265,-2.036235574497415,exhaustion_reversal,"{""hold"": 3, ""n"": 1, ""rz"": 3.0, ""vol_z"": 0.5, ""wick"": 0.015}"
-6.358330054958384,-0.3546629214076694,-0.5263617359350199,0.6164818725461934,-1.515240117290632,exhaustion_reversal,"{""hold"": 6, ""n"": 1, ""rz"": 2.4, ""vol_z"": 1.0, ""wick"": 0.015}"
-6.376491353024217,-0.4685048710962734,-0.505944222261372,0.5672064153471076,-2.0998144640205285,exhaustion_reversal,"{""hold"": 2, ""n"": 1, ""rz"": 1.8, ""vol_z"": 0.5, ""wick"": 0.008}"
-6.402937102425031,-0.43928367482019476,-0.5016941359216303,0.5881263698344571,-1.970837015945643,exhaustion_reversal,"{""hold"": 2, ""n"": 1, ""rz"": 2.4, ""vol_z"": 1.0, ""wick"": 0.008}"
-6.463742104451022,-0.4413997563568793,-0.4989633545067508,0.5899263006064963,-2.110571288147448,exhaustion_reversal,"{""hold"": 2, ""n"": 1, ""rz"": 2.4, ""vol_z"": 0.5, ""wick"": 0.008}"
-6.55563737052141,-0.3443523036330183,-0.47471156459370567,0.5322123976297812,-1.5374144499205924,cross_momentum,"{""flow_w"": 0.6, ""h"": 42, ""n"": 2, ""reb"": 1, ""regime"": false, ""skip"": 6}"
-6.654509829853874,-0.3976140663279015,-0.5339975101545332,0.6294565874212362,-1.67998423942331,exhaustion_reversal,"{""hold"": 6, ""n"": 1, ""rz"": 2.4, ""vol_z"": 0.5, ""wick"": 0.015}"
-6.9482283899044095,-0.42692856684400515,-0.4685207540032478,0.5212265964753702,-2.4567196855497495,cross_momentum,"{""flow_w"": 0.6, ""h"": 126, ""n"": 2, ""reb"": 1, ""regime"": false, ""skip"": 6}"
-7.252406612948036,-0.4493281975001151,-0.548308501188799,0.6401981904862224,-2.0237394767038177,exhaustion_reversal,"{""hold"": 3, ""n"": 1, ""rz"": 2.4, ""vol_z"": 0.5, ""wick"": 0.015}"
-7.321698824321368,-0.4082108683813886,-0.5899148487241356,0.6600842143813181,-2.2584872219810626,exhaustion_reversal,"{""hold"": 2, ""n"": 1, ""rz"": 1.8, ""vol_z"": 0.5, ""wick"": 0.015}"
-7.326647537488985,-0.4876817225109866,-0.554807119597596,0.6340164377407871,-2.316772356004696,exhaustion_reversal,"{""hold"": 2, ""n"": 1, ""rz"": 1.8, ""vol_z"": 1.0, ""wick"": 0.008}"
-7.433625394705351,-0.46722284362323385,-0.5768938801539606,0.6413327075469155,-2.272480949530002,exhaustion_reversal,"{""hold"": 3, ""n"": 1, ""rz"": 2.4, ""vol_z"": 1.0, ""wick"": 0.015}"
-7.727892032399151,-0.4815021975281201,-0.6155345090794854,0.6629336182285649,-2.3736689797370505,exhaustion_reversal,"{""hold"": 6, ""n"": 1, ""rz"": 2.4, ""vol_z"": 0.5, ""wick"": 0.008}"
-7.732454999944232,-0.4215250160175286,-0.6306012455423649,0.687141206807361,-2.330689572682206,exhaustion_reversal,"{""hold"": 2, ""n"": 1, ""rz"": 1.8, ""vol_z"": 1.0, ""wick"": 0.015}"
-7.877161673322862,-0.512052304040808,-0.6046850238327055,0.6504815533062311,-2.980791287783659,exhaustion_reversal,"{""hold"": 3, ""n"": 1, ""rz"": 1.8, ""vol_z"": 0.5, ""wick"": 0.008}"
-7.946382439105482,-0.47185549237791674,-0.6401083656389199,0.6843970512707954,-2.3622206200713,exhaustion_reversal,"{""hold"": 6, ""n"": 1, ""rz"": 2.4, ""vol_z"": 1.0, ""wick"": 0.008}"
-8.034075593088614,-0.5070091605724666,-0.6312668992331396,0.6637288215705799,-3.1038247681973967,exhaustion_reversal,"{""hold"": 3, ""n"": 1, ""rz"": 1.8, ""vol_z"": 1.0, ""wick"": 0.008}"
-8.47288875107138,-0.5039007836007622,-0.6786723182933406,0.7082687780030605,-2.7523436919826807,exhaustion_reversal,"{""hold"": 3, ""n"": 1, ""rz"": 2.4, ""vol_z"": 0.5, ""wick"": 0.008}"
-8.489080721572089,-0.4923308662397441,-0.6853142677251766,0.7113553270176449,-2.713856494430641,exhaustion_reversal,"{""hold"": 3, ""n"": 1, ""rz"": 2.4, ""vol_z"": 1.0, ""wick"": 0.008}"
-8.514576983079358,-0.4772061709019363,-0.6680123907499735,0.7109655335268281,-2.789929645980699,exhaustion_reversal,"{""hold"": 3, ""n"": 1, ""rz"": 1.8, ""vol_z"": 0.5, ""wick"": 0.015}"
-8.651905948956104,-0.48400310889456,-0.6851566582392294,0.7186200662897902,-2.9003185432831,exhaustion_reversal,"{""hold"": 3, ""n"": 1, ""rz"": 1.8, ""vol_z"": 1.0, ""wick"": 0.015}"
-9.041478848758958,-0.4652093354637942,-0.7423536080711061,0.7696333107600296,-2.2753045808162984,exhaustion_reversal,"{""hold"": 6, ""n"": 1, ""rz"": 1.8, ""vol_z"": 0.5, ""wick"": 0.015}"
-9.119558412973456,-0.48952662814864056,-0.7464454766447264,0.7644937068160373,-2.49334912354472,exhaustion_reversal,"{""hold"": 6, ""n"": 1, ""rz"": 1.8, ""vol_z"": 1.0, ""wick"": 0.015}"
-9.432987298581503,-0.5405067226130837,-0.7315348624937066,0.7477839624050309,-3.172003980873119,exhaustion_reversal,"{""hold"": 6, ""n"": 1, ""rz"": 1.8, ""vol_z"": 1.0, ""wick"": 0.008}"
-9.636356917492208,-0.5696136411087509,-0.7259755218266242,0.7444473128855089,-3.4169765014871425,exhaustion_reversal,"{""hold"": 6, ""n"": 1, ""rz"": 1.8, ""vol_z"": 0.5, ""wick"": 0.008}"
-24.75,0.0,0.0,0.0,-99.0,funding_dislocation,"{""flow_w"": 0.0, ""h"": 18, ""n"": 2, ""reb"": 1}"
-24.75,0.0,0.0,0.0,-99.0,funding_dislocation,"{""flow_w"": 0.4, ""h"": 18, ""n"": 2, ""reb"": 1}"
-24.75,0.0,0.0,0.0,-99.0,funding_dislocation,"{""flow_w"": 0.0, ""h"": 18, ""n"": 2, ""reb"": 3}"
-24.75,0.0,0.0,0.0,-99.0,funding_dislocation,"{""flow_w"": 0.4, ""h"": 18, ""n"": 2, ""reb"": 3}"
-24.75,0.0,0.0,0.0,-99.0,funding_dislocation,"{""flow_w"": 0.0, ""h"": 18, ""n"": 4, ""reb"": 1}"
-24.75,0.0,0.0,0.0,-99.0,funding_dislocation,"{""flow_w"": 0.4, ""h"": 18, ""n"": 4, ""reb"": 1}"
-24.75,0.0,0.0,0.0,-99.0,funding_dislocation,"{""flow_w"": 0.0, ""h"": 18, ""n"": 4, ""reb"": 3}"
-24.75,0.0,0.0,0.0,-99.0,funding_dislocation,"{""flow_w"": 0.4, ""h"": 18, ""n"": 4, ""reb"": 3}"
-24.75,0.0,0.0,0.0,-99.0,funding_dislocation,"{""flow_w"": 0.0, ""h"": 42, ""n"": 2, ""reb"": 1}"
-24.75,0.0,0.0,0.0,-99.0,funding_dislocation,"{""flow_w"": 0.4, ""h"": 42, ""n"": 2, ""reb"": 1}"
-24.75,0.0,0.0,0.0,-99.0,funding_dislocation,"{""flow_w"": 0.0, ""h"": 42, ""n"": 2, ""reb"": 3}"
-24.75,0.0,0.0,0.0,-99.0,funding_dislocation,"{""flow_w"": 0.4, ""h"": 42, ""n"": 2, ""reb"": 3}"
-24.75,0.0,0.0,0.0,-99.0,funding_dislocation,"{""flow_w"": 0.0, ""h"": 42, ""n"": 4, ""reb"": 1}"
-24.75,0.0,0.0,0.0,-99.0,funding_dislocation,"{""flow_w"": 0.4, ""h"": 42, ""n"": 4, ""reb"": 1}"
-24.75,0.0,0.0,0.0,-99.0,funding_dislocation,"{""flow_w"": 0.0, ""h"": 42, ""n"": 4, ""reb"": 3}"
-24.75,0.0,0.0,0.0,-99.0,funding_dislocation,"{""flow_w"": 0.4, ""h"": 42, ""n"": 4, ""reb"": 3}"
